title,link,image,price,pistol_grip,stripped_lower,stock,buffer_tube_assembly,trigger,stripped_upper,barrel,handguard,gas_tube,gas_block,bolt_carrier_group,charging_handle
Lead Star Arms Ravage AR-15 Skeletonized Pistol Grip,https://palmettostatearmory.com/lead-star-arms-ravage-ar-15-skeletonized-pistol-grip.html,https://palmettostatearmory.com/media/catalog/product/cache/152980d312fe5b5cdae0fdd9913a70b7/l/e/lead-star-arms-ravage-ar15-skeletonized-pistol-grip-blk-lsa-ter63j87.jpg,$117.56,True,False,False,False,False,False,False,False,False,False,False,False
Magpul MOE+ AR15/M4 Grip - MAG416,https://palmettostatearmory.com/magpul-moe-ar15-m4-grip-mag416.html,https://palmettostatearmory.com/media/catalog/product/cache/152980d312fe5b5cdae0fdd9913a70b7/m/a/mag416.jpg,$22.75,True,False,False,False,False,False,False,False,False,False,False,False
ERGO Enhanced AR15/M16 Grip-Suregrip-Ambi-Black - 4011-BK,https://palmettostatearmory.com/ergo-enhanced-ar15-m16-grip-suregrip-ambi-black-4011-bk.html,https://palmettostatearmory.com/media/catalog/product/cache/152980d312fe5b5cdae0fdd9913a70b7/4/0/4011.bk.jpg,$21.55,True,False,False,False,False,False,False,False,False,False,False,False
Magpul MOE K2 AR15/M4 Grip - MAG532,https://palmettostatearmory.com/magpul-moe-k2-grip-mag532.html,https://palmettostatearmory.com/media/catalog/product/cache/152980d312fe5b5cdae0fdd9913a70b7/m/a/mag532_fde_1.jpg,$23.70,True,False,False,False,False,False,False,False,False,False,False,False
Magpul MOE-K2 Grip (AR15/M4)- Mag522,https://palmettostatearmory.com/magpul-moe-k2-grip-ar15-m4-mag522.html,https://palmettostatearmory.com/media/catalog/product/cache/152980d312fe5b5cdae0fdd9913a70b7/g/e/getimage_18_blk.png,$19.90,True,False,False,False,False,False,False,False,False,False,False,False
Magpul MOE Grip (AR15/M16)- Mag415,https://palmettostatearmory.com/magpul-moe-grip-ar15-m16-mag415.html,https://palmettostatearmory.com/media/catalog/product/cache/152980d312fe5b5cdae0fdd9913a70b7/m/a/mag415.jpg,$18.95,True,False,False,False,False,False,False,False,False,False,False,False
Magpul MOE-K Grip (AR-15/M4) - Mag438,https://palmettostatearmory.com/magpul-moe-k-grip-mag438.html,https://palmettostatearmory.com/media/catalog/product/cache/152980d312fe5b5cdae0fdd9913a70b7/g/e/getimage_blk2_1.png,$18.95,True,False,False,False,False,False,False,False,False,False,False,False
"Hogue AR Platform OverMolded Beavertail Rubber Grip with Finger Grooves, Flat Dark Earth – 15023",https://palmettostatearmory.com/hogue-ar-platform-overmolded-beavertail-rubber-grip-with-finger-grooves-flat-dark-earth-15023.html,https://palmettostatearmory.com/media/catalog/product/cache/152980d312fe5b5cdae0fdd9913a70b7/1/3/1362149166.800x800.jpg,$23.96,True,False,False,False,False,False,False,False,False,False,False,False
ERGO HEAVY TEXTURE AR15/M16 Grip Kit SUREGRIP-Ambi-Black - 4009-BK,https://palmettostatearmory.com/ergo-heavy-texture-ar15-m16-grip-kit-suregrip-ambi-black-4009-bk.html,https://palmettostatearmory.com/media/catalog/product/cache/152980d312fe5b5cdae0fdd9913a70b7/4/0/4009.blk.jpg,$21.55,True,False,False,False,False,False,False,False,False,False,False,False
TImber Creek Enforcer AR Pistol Grip - E ARPG,https://palmettostatearmory.com/timber-creek-enforcer-ar-pistol-grip.html,https://palmettostatearmory.com/media/catalog/product/cache/152980d312fe5b5cdae0fdd9913a70b7/5/1/516446946_1.jpg,$79.99,True,False,False,False,False,False,False,False,False,False,False,False
"Magpul MIAD GEN 1.1 Grip Kit, Type 1 (AR15/M4)- Mag520",https://palmettostatearmory.com/magpul-miad-gen-1-1-grip-kit-ar15-m4-mag520.html,https://palmettostatearmory.com/media/catalog/product/cache/152980d312fe5b5cdae0fdd9913a70b7/g/e/getimage_6__2.png,$35.99,True,False,False,False,False,False,False,False,False,False,False,False
Magpul MOE SL Grip (AR15/M4)- Mag539,https://palmettostatearmory.com/magpul-moe-sl-grip-ar15-m4-mag539.html,https://palmettostatearmory.com/media/catalog/product/cache/152980d312fe5b5cdae0fdd9913a70b7/p/h/photo_2_1_2_1.jpg,$18.95,True,False,False,False,False,False,False,False,False,False,False,False
"Magpul MIAD Gen 1.1 Grip Kit, Type 2 - MAG521",https://palmettostatearmory.com/magpul-miad-gen-1-1-grip-kit-type2-mag521.html,https://palmettostatearmory.com/media/catalog/product/cache/152980d312fe5b5cdae0fdd9913a70b7/m/a/mag521_odg_1.jpg,$34.15,True,False,False,False,False,False,False,False,False,False,False,False
"Hogue AR Platform OverMolded Grip, OD Green W/ Finger Grooves",https://palmettostatearmory.com/ar-platform-overmolded-grip-od-green-w-finger-grooves.html,https://palmettostatearmory.com/media/catalog/product/cache/152980d312fe5b5cdae0fdd9913a70b7/1/5/15001.jpg,$23.96,True,False,False,False,False,False,False,False,False,False,False,False
Magpul STR Carbine Stock (Mil-Spec) - MAG470,https://palmettostatearmory.com/magpul-str-carbine-stock-mil-spec-mag470.html,https://palmettostatearmory.com/media/catalog/product/cache/152980d312fe5b5cdae0fdd9913a70b7/m/a/magpul_str_carbine_stock_mil-spec.jpg,$75.95,False,False,True,False,False,False,False,False,False,False,False,False
"Magpul MOE Fixed Carbine Stock, MIL-SPEC - MAG480",https://palmettostatearmory.com/magpul-moe-fixed-carbine-stock-milspec-mag480.html,https://palmettostatearmory.com/media/catalog/product/cache/152980d312fe5b5cdae0fdd9913a70b7/m/a/mag480_black_1.jpg,$28.45,False,False,True,False,False,False,False,False,False,False,False,False
Magpul PRS Gen3 Precision Adjustable Stock - MAG672,https://palmettostatearmory.com/magpul-prs-gen3-precision-adjustable-stock.html,https://palmettostatearmory.com/media/catalog/product/cache/152980d312fe5b5cdae0fdd9913a70b7/m/a/mag672-black_1.jpg,$242.20,False,False,True,False,False,False,False,False,False,False,False,False
Magpul MOE SL-S Mil-Spec Carbine Stock - MAG653,https://palmettostatearmory.com/magpul-moe-sl-s-mil-spec-carbine-stock-mag653.html,https://palmettostatearmory.com/media/catalog/product/cache/152980d312fe5b5cdae0fdd9913a70b7/m/a/mag653-blk_1.jpg,$75.95,False,False,True,False,False,False,False,False,False,False,False,False
Magpul ACS-L Carbine Stock (Mil-Spec)- Mag378,https://palmettostatearmory.com/magpul-acs-l-carbine-stock-mil-spec-mag378.html,https://palmettostatearmory.com/media/catalog/product/cache/152980d312fe5b5cdae0fdd9913a70b7/m/a/mag378.blk.jpg,$75.95,False,False,True,False,False,False,False,False,False,False,False,False
Magpul UBR Gen2 Collapsible Stock - MAG482,https://palmettostatearmory.com/magpul-ubr-gen2-collapsible-stock.html,https://palmettostatearmory.com/media/catalog/product/cache/152980d312fe5b5cdae0fdd9913a70b7/m/a/mag482-black_1.jpg,$189.95,False,False,True,False,False,False,False,False,False,False,False,False
Magpul ACS Carbine Stock (Mil-Spec)- Mag370,https://palmettostatearmory.com/magpul-acs-carbine-stock-mil-spec-mag370.html,https://palmettostatearmory.com/media/catalog/product/cache/152980d312fe5b5cdae0fdd9913a70b7/k/p/kpc_4487_2_1.jpg,$85.45,False,False,True,False,False,False,False,False,False,False,False,False
B5 Systems SOPMOD Bravo Stock - Flat Dark Earth BRV-202-01,https://palmettostatearmory.com/b5-systems-sopmod-bravo-stock-flat-dark-earth.html,https://palmettostatearmory.com/media/catalog/product/cache/152980d312fe5b5cdae0fdd9913a70b7/k/p/kpc_4557_1.jpg,$58.00,False,False,True,False,False,False,False,False,False,False,False,False
Magpul MOE Rifle Stock- Mag404,https://palmettostatearmory.com/magpul-moe-rifle-stock-mag404.html,https://palmettostatearmory.com/media/catalog/product/cache/152980d312fe5b5cdae0fdd9913a70b7/k/p/kpc_4517_1_1.jpg,$66.45,False,False,True,False,False,False,False,False,False,False,False,False
Magpul MOE Carbine Stock (Mil-Spec) - Mag400,https://palmettostatearmory.com/magpul-moe-carbine-stock-mil-spec-mag400.html,https://palmettostatearmory.com/media/catalog/product/cache/152980d312fe5b5cdae0fdd9913a70b7/k/p/kpc_4515_2_1.jpg,$37.95,False,False,True,False,False,False,False,False,False,False,False,False
B5 Systems SOPMOD Bravo Stock - OD Green BRV-205-01,https://palmettostatearmory.com/b5-systems-sopmod-bravo-stock-od-green.html,https://palmettostatearmory.com/media/catalog/product/cache/152980d312fe5b5cdae0fdd9913a70b7/b/r/bravo_od.jpg,$58.00,False,False,True,False,False,False,False,False,False,False,False,False
"Armaspec XPDW Gen 2 Mil Spec 5 Position Adjustable Stock, Black - ARM235-BLK",https://palmettostatearmory.com/armaspec-xpdw-gen-2-mil-spec-5-position-adjustable-stock-black-arm235-blk.html,https://palmettostatearmory.com/media/catalog/product/cache/152980d312fe5b5cdae0fdd9913a70b7/5/1/5165450551-Armaspec-XPDW-Gen-2-Stock-ARM235-BLK.jpg,$179.99,False,False,True,False,False,False,False,False,False,False,False,False
B5 Systems SOPMOD Bravo Stock - Wolf Grey BRV-206-01,https://palmettostatearmory.com/b5-systems-sopmod-bravo-stock-wolf-grey.html,https://palmettostatearmory.com/media/catalog/product/cache/152980d312fe5b5cdae0fdd9913a70b7/b/r/bravo_grey_1.jpg,$58.00,False,False,True,False,False,False,False,False,False,False,False,False
"PSA Custom AR 3.5 lbs. Match Grade Single-Stage Drop-In Trigger, Flat - 116055",https://palmettostatearmory.com/psa-custom-ar-3-5-lbs-match-grade-drop-in-trigger-flat-116055.html,https://palmettostatearmory.com/media/catalog/product/cache/152980d312fe5b5cdae0fdd9913a70b7/1/1/116055.jpg,$149.99,False,False,False,False,True,False,False,False,False,False,False,False
"PSA Custom AR Single-Stage Drop-In Trigger, Curved Bow",https://palmettostatearmory.com/psa-custom-drop-in-ar-single-stage-drop-in-trigger-curved-bow.html,https://palmettostatearmory.com/media/catalog/product/cache/152980d312fe5b5cdae0fdd9913a70b7/p/s/psa_2995.jpg,$99.95,False,False,False,False,True,False,False,False,False,False,False,False
PSA AR-15 Upgrade Kit with Toolcraft Nickel Boron BCG & PSA Custom Drop-In Flat Trigger - Kit-0447,https://palmettostatearmory.com/psa-ar-15-upgrade-kit-with-toolcraft-nickel-boron-bcg-psa-custom-drop-in-flat-trigger-kit-0447.html,https://palmettostatearmory.com/media/catalog/product/cache/152980d312fe5b5cdae0fdd9913a70b7/k/i/kit-0447_1.jpg,$229.99,False,False,False,False,True,False,False,False,False,False,False,False
"CMC Drop In Trigger Single Stage Tactical Flat Bow AR-15/AR-10, 3.5lbs - 91503",https://palmettostatearmory.com/cmc-trigger-single-stage-tactical-flat-bow-3-5lbs-91503.html,https://palmettostatearmory.com/media/catalog/product/cache/152980d312fe5b5cdae0fdd9913a70b7/6/0/60699_1.jpg,$219.99,False,False,False,False,True,False,False,False,False,False,False,False
Geissele Super Semi-Automatic Enhanced (SSA-E) Trigger- 05-160,https://palmettostatearmory.com/geissele-super-semi-automatic-enhanced-trigger.html,https://palmettostatearmory.com/media/catalog/product/cache/152980d312fe5b5cdae0fdd9913a70b7/i/m/img_4488-ssa-e-trigger_1.jpg,$299.99,False,False,False,False,True,False,False,False,False,False,False,False
"CMC Triggers AR-15 Tactical Single Stage Curved Trigger, Matte Black (3.5lb) - 91501",https://palmettostatearmory.com/cmc-triggers-single-stage-tactical-trigger-curved-bow-3-5-91501.html,https://palmettostatearmory.com/media/catalog/product/cache/152980d312fe5b5cdae0fdd9913a70b7/c/m/cmc_trigger.jpg,$219.99,False,False,False,False,True,False,False,False,False,False,False,False
CMC Triggers Single Stage Tactical Trigger  -  2-2.5lb Flat - 90503,https://palmettostatearmory.com/cmc-triggers-single-stage-tactical-trigger-2-2-5lb-flat-90503.html,https://palmettostatearmory.com/media/catalog/product/cache/152980d312fe5b5cdae0fdd9913a70b7/9/0/90503_CMC-Triggers-Single-Stage-Tactical-Trigger-----2-2.5lb-Flat.jpg,$219.99,False,False,False,False,True,False,False,False,False,False,False,False
Geissele Super Semi-Automatic (SSA) Trigger ‒ 05-101,https://palmettostatearmory.com/geissele-super-semi-automatic-trigger.html,https://palmettostatearmory.com/media/catalog/product/cache/152980d312fe5b5cdae0fdd9913a70b7/s/s/ssa-lg_1.jpg,$299.99,False,False,False,False,True,False,False,False,False,False,False,False
Geissele 2 Stage (G2S) Trigger ‒ 05-145,https://palmettostatearmory.com/geissele-2-stage-g2s-trigger-05-145.html,https://palmettostatearmory.com/media/catalog/product/cache/152980d312fe5b5cdae0fdd9913a70b7/g/e/geissele-automatics-2-stage-trigger-pi.jpg,$199.99,False,False,False,False,True,False,False,False,False,False,False,False
Franklin Armory BFSIII AR-C1 Binary Trigger - 5550A,https://palmettostatearmory.com/franklin-armory-bfsiii-ar-c1-binary-trigger-5550a.html,https://palmettostatearmory.com/media/catalog/product/cache/152980d312fe5b5cdae0fdd9913a70b7/5/1/5165492886_franklin_armory_bfsiii_binary_trigger_ar_c1_5550a.jpg,$499.99,False,False,False,False,True,False,False,False,False,False,False,False
PSA 2 Stage Nickel Boron Trigger Assembly,https://palmettostatearmory.com/psa-2-stage-nickel-boron-trigger-assembly1.html,https://palmettostatearmory.com/media/catalog/product/cache/152980d312fe5b5cdae0fdd9913a70b7/2/-/2-stage_fcg.jpg,$99.99,False,False,False,False,True,False,False,False,False,False,False,False
Geissele Super Dynamic Enhanced (SD-E) Trigger ‒ 05-167,https://palmettostatearmory.com/geissele-super-dynamic-enhanced-sd-e-trigger-05-167.html,https://palmettostatearmory.com/media/catalog/product/cache/152980d312fe5b5cdae0fdd9913a70b7/s/u/super-dynamic-enhanced-gun-trigger-pi.jpg,$299.99,False,False,False,False,True,False,False,False,False,False,False,False
Timney AR-15 Small Pin Solid 3 lb. Competition Trigger - 667S,https://palmettostatearmory.com/timney-ar-15-small-pin-solid-3-lb-competition-trigger-667s.html,https://palmettostatearmory.com/media/catalog/product/cache/152980d312fe5b5cdae0fdd9913a70b7/5/1/5165451291-Timney-AR15-Small-Pin-Competition-Trigger-667S.jpg,$249.99,False,False,False,False,True,False,False,False,False,False,False,False
Geissele Super Dynamic Combat (SD-C) Trigger ‒ 05-165,https://palmettostatearmory.com/geissele-super-dynamic-combat-sd-c-trigger-05-165.html,https://palmettostatearmory.com/media/catalog/product/cache/152980d312fe5b5cdae0fdd9913a70b7/s/u/super-dynamic-combat-gun-trigger-pi.jpg,$299.99,False,False,False,False,True,False,False,False,False,False,False,False
Geissele Super Three Gun (S3G) Trigger ‒ 05-152,https://palmettostatearmory.com/geissele-super-three-gun-s3g.html,https://palmettostatearmory.com/media/catalog/product/cache/152980d312fe5b5cdae0fdd9913a70b7/0/4/040617_1926.jpg,$299.99,False,False,False,False,True,False,False,False,False,False,False,False
Geissele Super Tricon (Super T) Trigger ‒ 05-230,https://palmettostatearmory.com/geissele-super-tricon-super-t-trigger-05-230.html,https://palmettostatearmory.com/media/catalog/product/cache/152980d312fe5b5cdae0fdd9913a70b7/s/u/super-tricon-trigger-pi-2.jpg,$299.99,False,False,False,False,True,False,False,False,False,False,False,False
"Timney Triggers AR-15 3 lbs. Competition Trigger, Straight - 667S-ST",https://palmettostatearmory.com/timney-triggers-ar-15-3-lbs-competition-trigger-straight-667s-st.html,https://palmettostatearmory.com/media/catalog/product/cache/152980d312fe5b5cdae0fdd9913a70b7/5/1/5165451292-Timney-AR-15-Competition-Trigger-3lbs-667S-ST-v2.jpg,$199.99,False,False,False,False,True,False,False,False,False,False,False,False
CMC AR9mm Single Stage 3.5 lb Curved Trigger - 95501,https://palmettostatearmory.com/cmc-triggers-ar-9-single-stage-curved-trigger-3-5lb-matte-black-95501.html,https://palmettostatearmory.com/media/catalog/product/cache/152980d312fe5b5cdae0fdd9913a70b7/C/M/CMC-95501-AR-Trigger.jpg,$199.99,False,False,False,False,True,False,False,False,False,False,False,False
"Timney Triggers AR Targa 2-Stage Short Trigger, Straight - 662S-ST",https://palmettostatearmory.com/timney-triggers-ar-targa-2-stage-short-trigger-straight-662s-st.html,https://palmettostatearmory.com/media/catalog/product/cache/152980d312fe5b5cdae0fdd9913a70b7/5/1/5165451298-Timney-Triggers-Targa-2-Stage-Straight-662S-ST.jpg,$199.99,False,False,False,False,True,False,False,False,False,False,False,False
Timney AR PCC Single Stage 2.5-3.0 lbs. Straight Bow Trigger - 681-ST,https://palmettostatearmory.com/timney-ar-pcc-single-stage-2-5-3-0-lbs-straight-bow-trigger-681-st.html,https://palmettostatearmory.com/media/catalog/product/cache/152980d312fe5b5cdae0fdd9913a70b7/5/1/5165451304-681-ST.jpg,$199.99,False,False,False,False,True,False,False,False,False,False,False,False
"CMC Triggers AR-15 Match Grade Two-Stage Flat Trigger, Matte Black (1LB/3LB) - 91504",https://palmettostatearmory.com/cmc-triggers-ar-15-two-stage-flat-trigger-1lb-3lb-matte-black-91504.html,https://palmettostatearmory.com/media/catalog/product/cache/152980d312fe5b5cdae0fdd9913a70b7/6/0/60703.jpg,$269.99,False,False,False,False,True,False,False,False,False,False,False,False
Hiperfire HIPERTOUCH Genesis AR15 Trigger Assembly - HPTG,https://palmettostatearmory.com/hiperfire-hipertouch-genesis-ar15-trigger-assembly-hptg.html,https://palmettostatearmory.com/media/catalog/product/cache/152980d312fe5b5cdae0fdd9913a70b7/h/i/hiperfire_genesis.jpg,$249.99,False,False,False,False,True,False,False,False,False,False,False,False
"CMC Triggers Duty Patrol  Single-Stage Curved Trigger, Matte Black (5.5lb) - 93501",https://palmettostatearmory.com/cmc-triggers-duty-patrol-single-stage-curved-trigger-matte-black-5-5lb-93501.html,https://palmettostatearmory.com/media/catalog/product/cache/152980d312fe5b5cdae0fdd9913a70b7/6/0/60700.jpg,$169.99,False,False,False,False,True,False,False,False,False,False,False,False
"CMC Triggers AR-15 Match Grade Two Stage Curved Trigger 1LB/3LB, Matte Black - 91502",https://palmettostatearmory.com/cmc-triggers-ar-15-two-staged-curved-trigger-1lb-3lb-matte-black-91502.html,https://palmettostatearmory.com/media/catalog/product/cache/152980d312fe5b5cdae0fdd9913a70b7/6/0/60702.jpg,$269.99,False,False,False,False,True,False,False,False,False,False,False,False
3 Pack of BLEM PSA AR-15 Safe/Fire Lowers,https://palmettostatearmory.com/3-pack-of-blem-psa-ar-15-lower-safe-fire.html,https://palmettostatearmory.com/media/catalog/product/cache/152980d312fe5b5cdae0fdd9913a70b7/k/i/kit-0428_1.jpg,$159.99,False,True,False,False,False,False,False,False,False,False,False,False
3 Pack of BLEM PSA Stealth AR-15 Lowers,https://palmettostatearmory.com/3-pack-of-blem-psa-stealth-ar-15-lowers.html,https://palmettostatearmory.com/media/catalog/product/cache/152980d312fe5b5cdae0fdd9913a70b7/3/9/39296-trio_1.jpg,$159.99,False,True,False,False,False,False,False,False,False,False,False,False
"PSA AR-15 ""Stealth"" Stripped Lower Receiver",https://palmettostatearmory.com/psa-stealth-lower.html,https://palmettostatearmory.com/media/catalog/product/cache/152980d312fe5b5cdae0fdd9913a70b7/7/a/7a4a7701.jpg,$69.99,False,True,False,False,False,False,False,False,False,False,False,False
"PSA AR-15 Blem ""Stealth"" Stripped Lower Receiver",https://palmettostatearmory.com/black-friday-sales/lowers/pa-15/psa-ar-15-blem-stealth-stripped-lower-receiver.html,https://palmettostatearmory.com/media/catalog/product/cache/152980d312fe5b5cdae0fdd9913a70b7/7/a/7a4a7701_1.jpg,$59.99,False,True,False,False,False,False,False,False,False,False,False,False
BLEM PSA AR-15 Lower Safe/Fire,https://palmettostatearmory.com/black-friday-sales/lowers/pa-15/blem-psa-ar-15-lower-safe-fire.html,https://palmettostatearmory.com/media/catalog/product/cache/152980d312fe5b5cdae0fdd9913a70b7/1/7/1728_5.jpg,$59.99,False,True,False,False,False,False,False,False,False,False,False,False
PSA AR15 American Flag Engraved Stripped Lower - 7779528,https://palmettostatearmory.com/psa-ar15-american-flag-lower.html,https://palmettostatearmory.com/media/catalog/product/cache/152980d312fe5b5cdae0fdd9913a70b7/0/4/040717_7779528.jpg,$99.99,False,True,False,False,False,False,False,False,False,False,False,False
"PSA AR-15 ""LIBERTY-15"" Stripped Lower Receiver",https://palmettostatearmory.com/psa-ar-15-liberty-15-stripped-lower-receiver.html,https://palmettostatearmory.com/media/catalog/product/cache/152980d312fe5b5cdae0fdd9913a70b7/2/2/2242020-liberty-lower.jpg,$144.99,False,True,False,False,False,False,False,False,False,False,False,False
PSA AR-15 Lower Safe/Fire - 1728,https://palmettostatearmory.com/psa-ar-15-lower-safe-fire-1728.html,https://palmettostatearmory.com/media/catalog/product/cache/152980d312fe5b5cdae0fdd9913a70b7/1/7/1728-4.jpg,$79.99,False,True,False,False,False,False,False,False,False,False,False,False
PSA Gadsden AR-15 Stripped Lower Receiver,https://palmettostatearmory.com/psa-gadsden-ar-15-stripped-lower-receiver.html,https://palmettostatearmory.com/media/catalog/product/cache/152980d312fe5b5cdae0fdd9913a70b7/g/a/gadsdenlower.jpg,$99.99,False,True,False,False,False,False,False,False,False,False,False,False
"PSA ""Virginia-15"" AR-15 Stripped Lower Receiver",https://palmettostatearmory.com/psa-virginia-15-ar-15-stripped-lower-receiver.html,https://palmettostatearmory.com/media/catalog/product/cache/152980d312fe5b5cdae0fdd9913a70b7/v/i/virginia-15-f.jpg,$99.99,False,True,False,False,False,False,False,False,False,False,False,False
PSA AR-15 SC Flag Lower - 7779527,https://palmettostatearmory.com/psa-ar15-sc-flag-lower.html,https://palmettostatearmory.com/media/catalog/product/cache/152980d312fe5b5cdae0fdd9913a70b7/7/7/7779527.jpg,$99.99,False,True,False,False,False,False,False,False,False,False,False,False
Palmetto State Armory Liberty Lower - 1535,https://palmettostatearmory.com/palmetto-state-armory-liberty-lower.html,https://palmettostatearmory.com/media/catalog/product/cache/152980d312fe5b5cdae0fdd9913a70b7/k/p/kpc_3875.jpg,$99.99,False,True,False,False,False,False,False,False,False,False,False,False
Lead Star Arms Grunt AR-15 Lower Receiver,https://palmettostatearmory.com/lead-star-arms-grunt-ar-15-lower-receiver.html,https://palmettostatearmory.com/media/catalog/product/cache/152980d312fe5b5cdae0fdd9913a70b7/l/s/lsa-lowgrt15-lead-star-arms-grunt-ar-15-lower-receiver-black_1.jpg,$105.92,False,True,False,False,False,False,False,False,False,False,False,False
Lead Star Arms Skeletonized LSA-15 AR-15 Stripped Lower Receiver,https://palmettostatearmory.com/lead-star-arms-skeletonized-lsa-15-ar-15-stripped-lower-receiver.html,https://palmettostatearmory.com/media/catalog/product/cache/152980d312fe5b5cdae0fdd9913a70b7/l/s/lsa-skeletonized-lsa-15-ar-15-stripped-lwr-recvr-black-lsa-3167gfs4_2.jpg,$318.51,False,True,False,False,False,False,False,False,False,False,False,False
"Lead Star Arms Skeletonized LSA-15 AR-15 Stripped Lower Receiver, Blue",https://palmettostatearmory.com/lead-star-arms-skeletonized-lsa-15-stripped-lower-receiver-blue-lsa-hwg6208c.html,https://palmettostatearmory.com/media/catalog/product/cache/152980d312fe5b5cdae0fdd9913a70b7/L/e/Lead-Star-Arms-Skeletonized-LSA-15-Stripped-Lower-Receiver_-_Blue_--LSA-HWG6208C.png,$336.55,False,True,False,False,False,False,False,False,False,False,False,False
"Lead Star Arms LSA-15 AR-15 Receiver Set, Black",https://palmettostatearmory.com/lead-star-arms-lsa-15-ar-15-receiver-set-black.html,https://palmettostatearmory.com/media/catalog/product/cache/152980d312fe5b5cdae0fdd9913a70b7/L/S/LSA-C6V431CV-LSA-15-AR-15-Recvr-r-Set-Blk-LSA-C6V431CV.jpg,$509.45,False,True,False,False,False,False,False,False,False,False,False,False
Lead Star Arms Skeletonized PCC LSA-9 AR-9 Stripped Lower Receiver,https://palmettostatearmory.com/lead-star-arms-skeletonized-pcc-lsa-9-ar-9-stripped-lower-receiver.html,https://palmettostatearmory.com/media/catalog/product/cache/152980d312fe5b5cdae0fdd9913a70b7/l/s/lsa-skeletonized-pcc-lsa-9-ar-9-stripped-lwr-recvr-blk-lsa-192n74bg_2.jpg,$411.84,False,True,False,False,False,False,False,False,False,False,False,False
"APF Side Folding Stripped AR-15 Lower Receiver, Black - LPSF1",https://palmettostatearmory.com/apf-side-folding-stripped-ar-15-lower-receiver-black-lpsf1.html,https://palmettostatearmory.com/media/catalog/product/cache/152980d312fe5b5cdae0fdd9913a70b7/a/p/apf-side-folding-stripped-ar-15-lower-receiver_-black.jpg,$399.99,False,True,False,False,False,False,False,False,False,False,False,False
"Lead Star Arms LSA-15 Skeletonized AR-15 Receiver Set w/ 15"" Ravage Handguard",https://palmettostatearmory.com/lead-star-arms-lsa-15-skeletonized-ar-15-receiver-set-w-15-ravage-handguard.html,https://palmettostatearmory.com/media/catalog/product/cache/152980d312fe5b5cdae0fdd9913a70b7/l/s/lsa-847ba578-lead-star-builders-kit-lsa-15-ar-15-15inch-handguard_1.jpg,$753.70,False,True,False,False,False,False,False,False,False,False,False,False
Angstadt Arms 0940 Glock Compatible 9mm/.40 S&W Stripped Lower Receiver - AA0940LRBA,https://palmettostatearmory.com/angstadt-arms-0940-glock-compatible-9mm-40-s-w-stripped-lower-receiver-aa0940lrba.html,https://palmettostatearmory.com/media/catalog/product/cache/152980d312fe5b5cdae0fdd9913a70b7/5/1/5165451078-angstadt-arms-0940-lower-reciever-stripped-aa0940lrba.jpg,$250.00,False,True,False,False,False,False,False,False,False,False,False,False
"Shield Arms SA-15 Side Folding Stripped AR-15 Lower Receiver, Black - SA-SA15-SL",https://palmettostatearmory.com/shield-arms-sa-15-side-folding-stripped-ar-15-lower-receiver-black-sa-sa15-sl.html,https://palmettostatearmory.com/media/catalog/product/cache/152980d312fe5b5cdae0fdd9913a70b7/s/h/shield-arms-sa-15-side-folding-stripped-ar-15-lower-receiver_-black.jpg,$299.99,False,True,False,False,False,False,False,False,False,False,False,False
"Lead Star Arms LSA-9 PCC / AR-9 Receiver Set, Black",https://palmettostatearmory.com/lead-star-arms-lsa-9-pcc-ar-9-receiver-set-black.html,https://palmettostatearmory.com/media/catalog/product/cache/152980d312fe5b5cdae0fdd9913a70b7/L/S/LSA-2KXBTY16-LSA-9-PCC-AR-15-Recvr-Set-Blk-LSA-2KXBTY16.jpg,$584.75,False,True,False,False,False,False,False,False,False,False,False,False
"Lead Star Arms LSA-15 AR-15 Lower Receiver, Black",https://palmettostatearmory.com/lead-star-arms-lsa-15-ar-15-lower-receiver-black.html,https://palmettostatearmory.com/media/catalog/product/cache/152980d312fe5b5cdae0fdd9913a70b7/L/S/LSA-B3NC5689-Lead-Star-Arms-LSA-15-AR-15-Lwer-Recvr-Blk-LSA-B3NC5689.jpg,$306.60,False,True,False,False,False,False,False,False,False,False,False,False
"Yankee Hill Machine .223 Rem/5.56 Billet Lower Receiver, Hardcoat Anodized Matte Black - 125-BILLET",https://palmettostatearmory.com/yankee-hill-machine-223-rem-5-56-billet-lower-receiver-hardcoat-anodized-matte-black-125-billet.html,https://palmettostatearmory.com/media/catalog/product/cache/152980d312fe5b5cdae0fdd9913a70b7/7/9/790807-Yankee_Hill_Machine_.223_Rem_5.56_Billet_Lower_Receiver_Hardcoat_Anodized_Matte_Black_125-BILLET.jpg,$215.00,False,True,False,False,False,False,False,False,False,False,False,False
PSA AR15 7075 Buffer Tube Assembly - Logo - 508022,https://palmettostatearmory.com/psa-ar15-7075-buffer-tube-assembly-logo.html,https://palmettostatearmory.com/media/catalog/product/cache/152980d312fe5b5cdae0fdd9913a70b7/b/u/buffer_tube_kit_2_1.jpg,$49.99,False,False,False,True,False,False,False,False,False,False,False,False
PSA Freedom Complete 6 Position Mil-Spec Diameter Buffer Tube Assembly - 6200,https://palmettostatearmory.com/psa-freedom-complete-6-position-mil-spec-diameter-buffer-tube-assembly.html,https://palmettostatearmory.com/media/catalog/product/cache/152980d312fe5b5cdae0fdd9913a70b7/6/2/6200_1.jpg,$40.99,False,False,False,True,False,False,False,False,False,False,False,False
PSA AR-15 Pistol Buffer Tube Kit - 40433,https://palmettostatearmory.com/psa-ar-15-pistol-buffer-tube-kit.html,https://palmettostatearmory.com/media/catalog/product/cache/152980d312fe5b5cdae0fdd9913a70b7/u/n/untitled-3.jpg,$54.99,False,False,False,True,False,False,False,False,False,False,False,False
"Wilson Combat .223 Rem/5.56 Upper Receiver for AR-15 Style Rifle, Hardcoat Anodized Black - TR-UPPER",https://palmettostatearmory.com/wilson-combat-223-rem-5-56-upper-receiver-for-ar-15-style-rifle-hardcoat-anodized-black-tr-upper.html,https://palmettostatearmory.com/media/catalog/product/cache/152980d312fe5b5cdae0fdd9913a70b7/7/9/792689-Wilson_Combat_.223_Rem_5.56_Upper_Receiver_for_AR-15_Style_Rifle_Hardcoat_Anodized_Black-TR-UPPER.jpg,$74.95,False,False,False,False,False,True,False,False,False,False,False,False
BLEM Stripped AR-15 Upper Receiver - 482732,https://palmettostatearmory.com/stripped-blemished-ar-15-upper-receiver.html,https://palmettostatearmory.com/media/catalog/product/cache/152980d312fe5b5cdae0fdd9913a70b7/p/a/pa15_upper.jpg,$69.99,False,False,False,False,False,True,False,False,False,False,False,False
PSA AR-15 Stripped Upper Receiver,https://palmettostatearmory.com/pa-15/psa-ar-15-stripped-upper-receiver.html,https://palmettostatearmory.com/media/catalog/product/cache/152980d312fe5b5cdae0fdd9913a70b7/5/1/51655109407.jpg,$69.99,False,False,False,False,False,True,False,False,False,False,False,False
"Wilson Combat .223 Rem/5.56 Billet Upper Receiver for AR-15 Style Rifle, Mil-Spec Hardcoat Anodized Black - TR-UPPER-BIL",https://palmettostatearmory.com/wilson-combat-223-rem-5-56-billet-upper-receiver-for-ar-15-style-rifle-mil-spec-hardcoat-anodized-black-tr-upper-bil.html,https://palmettostatearmory.com/media/catalog/product/cache/152980d312fe5b5cdae0fdd9913a70b7/7/9/792690-Wilson_Combat_.223_Rem_5.56_Billet_Upper_Receiver_for_AR-15_Style_Rifle_Mil-Spec_Hardcoat_Anodized_Black-TR-UPPER-BIL.jpg,$214.95,False,False,False,False,False,True,False,False,False,False,False,False
Lead Star Arms Grunt-15 AR-15 Upper Receiver,https://palmettostatearmory.com/lead-star-arms-grunt-15-ar-15-upper-receiver.html,https://palmettostatearmory.com/media/catalog/product/cache/152980d312fe5b5cdae0fdd9913a70b7/l/s/lsa-uppgrt15-grunt-ar-15-upper-receiver-black_1_1.jpg,$110.39,False,False,False,False,False,True,False,False,False,False,False,False
"Lead Star Arms LSA-15 Stripped AR-15 Upper Receiver, Black",https://palmettostatearmory.com/lead-star-arms-lsa-15-stripped-ar-15-upper-receiver-black.html,https://palmettostatearmory.com/media/catalog/product/cache/152980d312fe5b5cdae0fdd9913a70b7/L/S/LSA-ASM7A22T-AR15-LSA15-Stripped-Upper-Recvr-LSA-ASM7A22T.jpg,$228.14,False,False,False,False,False,True,False,False,False,False,False,False
Lead Star Arms LSA-15 Skeletonized AR-15 Upper Receiver,https://palmettostatearmory.com/lead-star-arms-lsa-15-skeletonized-ar-15-upper-receiver.html,https://palmettostatearmory.com/media/catalog/product/cache/152980d312fe5b5cdae0fdd9913a70b7/l/s/lsa-5dlnc3q2-lead-star-lsa-15-ar-15-skeletonized-upper-receiver.jpg,$235.29,False,False,False,False,False,True,False,False,False,False,False,False
"PSA 16"" M4 AR-15 5.56 NATO 1:7 Nitride Barrel",https://palmettostatearmory.com/ar15-16-m4-5-56-nato-1-7-nitride-barrel.html,https://palmettostatearmory.com/media/catalog/product/cache/152980d312fe5b5cdae0fdd9913a70b7/7/7/7782495.jpg,$119.99,False,False,False,False,False,False,True,False,False,False,False,False
"PSA AR15 10.5""  5.56 NATO 10.5"" 1:7 Carbine Nitride Barrel -77932251",https://palmettostatearmory.com/psa-ar15-10-5-5-56-nato-10-5-1-7-carbine-nitride-barre.html,https://palmettostatearmory.com/media/catalog/product/cache/152980d312fe5b5cdae0fdd9913a70b7/7/7/77932251.jpg,$99.99,False,False,False,False,False,False,True,False,False,False,False,False
"PSA AR15 16"" Midlength 5.56 NATO 1:7 Nitride Barrel - 77932227",https://palmettostatearmory.com/psa-ar15-16-m4-5-56-nato-1-7-nitride-barrel-77932227.html,https://palmettostatearmory.com/media/catalog/product/cache/152980d312fe5b5cdae0fdd9913a70b7/7/7/77932227.jpg,$119.99,False,False,False,False,False,False,True,False,False,False,False,False
"PSA 16"" Mid Stainless Steel 5.56 NATO 1:7 Barrel Assembly - 7782785",https://palmettostatearmory.com/psa-16-mid-stainless-steel-5-56-nato-1-8-barrel-assembly.html,https://palmettostatearmory.com/media/catalog/product/cache/152980d312fe5b5cdae0fdd9913a70b7/7/7/7782785.jpg,$169.99,False,False,False,False,False,False,True,False,False,False,False,False
"PSA AR15 10.5"" Pistol Length 300AAC Blackout 1/8 Phosphate Barrel - 516447505",https://palmettostatearmory.com/psa-ar15-10-5-pistol-length-300aac-blackout-1-8-phosphate-barrel-516447505.html,https://palmettostatearmory.com/media/catalog/product/cache/152980d312fe5b5cdae0fdd9913a70b7/5/1/516447505.jpg,$109.99,False,False,False,False,False,False,True,False,False,False,False,False
"PSA 16"" CHF Mid-length A2  5.56 NATO 1/7 Barrel Assembly - 7782477",https://palmettostatearmory.com/psa-16-chf-mid-length-a2-5-56-nato-1-7-barrel-assembly.html,https://palmettostatearmory.com/media/catalog/product/cache/152980d312fe5b5cdae0fdd9913a70b7/7/7/7782477.jpg,$319.99,False,False,False,False,False,False,True,False,False,False,False,False
"PSA 18"" Rifle-Length 6.5 Grendel 1/8 Stainless Steel Barrel - 5165448715",https://palmettostatearmory.com/psa-18-rifle-length-6-5-grendel-1-8-stainless-steel-barrel-5165448715.html,https://palmettostatearmory.com/media/catalog/product/cache/152980d312fe5b5cdae0fdd9913a70b7/1/8/18_inch_6.5_grendel.jpg,$129.99,False,False,False,False,False,False,True,False,False,False,False,False
PSA 20'' 5.56mm 1:7 FN CHF Chrome Lined Phosphate A2 Profile Barrel,https://palmettostatearmory.com/psa-20-hf-cl-mp-barrel.html,https://palmettostatearmory.com/media/catalog/product/cache/152980d312fe5b5cdae0fdd9913a70b7/2/5/2528.jpg,$329.99,False,False,False,False,False,False,True,False,False,False,False,False
"Ballistic Advantage Premium Series .223 Wylde 16"" Fluted Mid-Length Barrel, Bead Blasted - BABL223017PL",https://palmettostatearmory.com/ballistic-advantage-premium-series-223-wylde-16-fluted-mid-length-barrel-bead-blasted-babl223017pl.html,https://palmettostatearmory.com/media/catalog/product/cache/152980d312fe5b5cdae0fdd9913a70b7/7/8/786752-Ballistic_Advantage_Premium_Series_.223_Wylde_16_Fluted_Mid-Length_Barrel_Bead_Blasted_BABL223017PL.jpg,$218.50,False,False,False,False,False,False,True,False,False,False,False,False
"Ballistic Advantage Modern Series .223 Rem/5.56 16"" Mid-Length Barrel, QPQ - BABL556015M",https://palmettostatearmory.com/ballistic-advantage-modern-series-223-rem-5-56-16-mid-length-barrel-qpq-babl556015m.html,https://palmettostatearmory.com/media/catalog/product/cache/152980d312fe5b5cdae0fdd9913a70b7/7/8/786740-Ballistic_Advantage_Modern_Series_.223_Rem_5.56_16_Mid-Length_Barrel_QPQ_BABL556015M.jpg,$156.75,False,False,False,False,False,False,True,False,False,False,False,False
"Ballistic Advantage Modern Series 5.56 10.5"" Carbine Barrel, QPQ - BABL556005M",https://palmettostatearmory.com/ballistic-advantage-modern-series-5-56-10-5-carbine-barrel-qpq-babl556005m.html,https://palmettostatearmory.com/media/catalog/product/cache/152980d312fe5b5cdae0fdd9913a70b7/7/8/786737-Ballistic_Advantage_Modern_Series_5.56_10.5_Carbine_Barrel_QPQ_BABL556005M.jpg,$133.00,False,False,False,False,False,False,True,False,False,False,False,False
"Ballistic Advantage Premium Series .223 Wylde 18"" Fluted Rifle Barrel, Bead Blasted - BABL223021PL",https://palmettostatearmory.com/ballistic-advantage-premium-series-223-wylde-18-fluted-rifle-barrel-bead-blasted-babl223021pl.html,https://palmettostatearmory.com/media/catalog/product/cache/152980d312fe5b5cdae0fdd9913a70b7/7/8/786753-Ballistic_Advantage_Premium_Series_.223_Wylde_18_Fluted_Rifle_Barrel_Bead_Blasted_BABL223021PL.jpg,$237.50,False,False,False,False,False,False,True,False,False,False,False,False
"Ballistic Advantage Performance Series .223 Rem/5.56 10.3"" Carbine Barrel, QPQ - BABL556004F",https://palmettostatearmory.com/ballistic-advantage-performance-series-223-rem-5-56-10-3-carbine-barrel-qpq-babl556004f.html,https://palmettostatearmory.com/media/catalog/product/cache/152980d312fe5b5cdae0fdd9913a70b7/7/8/786745-Ballistic_Advantage_Performance_Series_.223_Rem_5.56_10.3_Carbine_Barrel_QPQ_BABL556004F.jpg,$194.75,False,False,False,False,False,False,True,False,False,False,False,False
"Ballistic Advantage Modern Series .223 Rem/5.56 16"" Carbine Barrel, QPQ - BABL556014M",https://palmettostatearmory.com/ballistic-advantage-modern-series-223-rem-5-56-16-carbine-barrel-qpq-babl556014m.html,https://palmettostatearmory.com/media/catalog/product/cache/152980d312fe5b5cdae0fdd9913a70b7/7/8/786741-Ballistic_Advantage_Modern_Series_.223_Rem_5.56_16_Carbine_Barrel_QPQ_BABL556014M.jpg,$152.00,False,False,False,False,False,False,True,False,False,False,False,False
"BSF 20"" .224 Valkyrie, Carbon Fiber Jacketed Barrel, 1:7 Twist, Blue/Black -BR1520V001",https://palmettostatearmory.com/bsf-20-224-valkyrie-carbon-fiber-jacketed-barrel-1-7-twist-blue-black-br1520v001.html,https://palmettostatearmory.com/media/catalog/product/cache/152980d312fe5b5cdae0fdd9913a70b7/5/1/5165447946_bsf_20.5_.224_valkyrie_rifle_gas_1_7_twist_rate_blue_black.jpg,$565.05,False,False,False,False,False,False,True,False,False,False,False,False
PSA Forged MIL-SPEC Charging Handle w/ Toolcraft 5.56 Nickel Boron BCG & 10 Magpul PMAG 30rd Gen2 MOE 5.56 Magazines,https://palmettostatearmory.com/psa-forged-mil-spec-charging-handle-w-toolcraft-5-56-nickel-boron-bcg-10-magpul-pmag-30rd-gen2-moe-5-56-magazines.html,https://palmettostatearmory.com/media/catalog/product/cache/152980d312fe5b5cdae0fdd9913a70b7/k/i/kit-0427_1.jpg,$199.99,False,False,False,False,False,False,False,False,False,False,False,True
PSA 5.56 Premium Full Auto BCG w/ MIL-SPEC Charging Handle & 10 Magpul PMAG 30rd 5.56 Magazines,https://palmettostatearmory.com/psa-5-56-premium-full-auto-bcg-w-mil-spec-charging-handle-10-magpul-pmag-30rd-5-56-magazines.html,https://palmettostatearmory.com/media/catalog/product/cache/152980d312fe5b5cdae0fdd9913a70b7/k/i/kit-0420.jpg,$179.99,False,False,False,False,False,False,False,False,False,False,False,True
PSA AR15/M16 7075 T6 Forged Mil-Spec Charging Handle - 24080,https://palmettostatearmory.com/psa-ar15-m16-7075-t6-forged-mil-spec-charging-handle-24080.html,https://palmettostatearmory.com/media/catalog/product/cache/152980d312fe5b5cdae0fdd9913a70b7/0/5/052617_755632.jpg,$27.95,False,False,False,False,False,False,False,False,False,False,False,True
PSA AR15/M16 Charging Handle - 438,https://palmettostatearmory.com/psa-ar15-m16-charging-handle-438.html,https://palmettostatearmory.com/media/catalog/product/cache/152980d312fe5b5cdae0fdd9913a70b7/4/3/436_1_2.jpg,$24.99,False,False,False,False,False,False,False,False,False,False,False,True
PSA Custom AR15 Ambidextrous Charging Handle,https://palmettostatearmory.com/psa-custom-ar15-ambidextrous-charging-handle.html,https://palmettostatearmory.com/media/catalog/product/cache/152980d312fe5b5cdae0fdd9913a70b7/1/1/116052-psa-custom-ar15-ambi-charging-handle.jpg,$54.95,False,False,False,False,False,False,False,False,False,False,False,True
"PSA AR15 Premium Charging Handle, AMBI - 7790286",https://palmettostatearmory.com/psa-ar15-premium-charging-handle-ambi.html,https://palmettostatearmory.com/media/catalog/product/cache/152980d312fe5b5cdae0fdd9913a70b7/7/7/7790286_2.jpg,$78.99,False,False,False,False,False,False,False,False,False,False,False,True
Lead Star Arms Ravage AR-15 Charging Handle,https://palmettostatearmory.com/lead-star-arms-ravage-ar-15-charging-handle-black.html,https://palmettostatearmory.com/media/catalog/product/cache/152980d312fe5b5cdae0fdd9913a70b7/l/s/lsa-g2kxbelb-lsa-ravage-ar15-charging-handle-black-lsa-g2kxbelb.jpg,$53.93,False,False,False,False,False,False,False,False,False,False,False,True
JL Billet Kali-Key Bolt Action Charging Handle,https://palmettostatearmory.com/jl-billet-kali-key-bolt-action-charging-handle.html,https://palmettostatearmory.com/media/catalog/product/cache/152980d312fe5b5cdae0fdd9913a70b7/a/r/ar-15-kali-key-ch.jpg,$69.99,False,False,False,False,False,False,False,False,False,False,False,True
"Geissele Super Charging Handle (SCH), Black ‒ 05-313B",https://palmettostatearmory.com/geissele-super-charging-handle-sch-black-05-313b.html,https://palmettostatearmory.com/media/catalog/product/cache/152980d312fe5b5cdae0fdd9913a70b7/g/e/geissele_sch_black.jpg,$139.99,False,False,False,False,False,False,False,False,False,False,False,True
"Geissele AR-15 Airborne Charging Handle (ACH), Black - 05-497B",https://palmettostatearmory.com/geissele-ar-15-airborne-charging-handle-ach-05-497b.html,https://palmettostatearmory.com/media/catalog/product/cache/152980d312fe5b5cdae0fdd9913a70b7/a/i/airborne_ch_black.jpg,$129.99,False,False,False,False,False,False,False,False,False,False,False,True
Geissele Airborne Charging Handle,https://palmettostatearmory.com/labor-day-sale/geissele-airborne-charging-handle.html,https://palmettostatearmory.com/media/catalog/product/cache/152980d312fe5b5cdae0fdd9913a70b7/a/i/airborne_ch_black_1.jpg,$94.00,False,False,False,False,False,False,False,False,False,False,False,True
"CMMG AR15 Charging Handle Assembly, Black - 55BA5EC",https://palmettostatearmory.com/cmmg-ar15-charging-handle-assembly-black-55ba5ec.html,https://palmettostatearmory.com/media/catalog/product/cache/152980d312fe5b5cdae0fdd9913a70b7/C/M/CMMG-Charging-Handle-AR15.jpg,$28.99,False,False,False,False,False,False,False,False,False,False,False,True
POF-USA Strike Eagle Ambidextrous .223 / 5.56 Charging Handle - 01542,https://palmettostatearmory.com/pof-usa-strike-eagle-ambidextrous-223-5-56-charging-handle-01542.html,https://palmettostatearmory.com/media/catalog/product/cache/152980d312fe5b5cdae0fdd9913a70b7/5/1/5165450669-01542.jpg,$90.59,False,False,False,False,False,False,False,False,False,False,False,True
"POF Tomahawk Ambidextrous Charging Handle, .223/5.56 - 00849",https://palmettostatearmory.com/pof-tomahawk-ambidextrous-charging-handle-223-5-56-00849.html,https://palmettostatearmory.com/media/catalog/product/cache/152980d312fe5b5cdae0fdd9913a70b7/P/O/POF-Tomahawk-Ambidextrous-Charging-Handle_-.308_7.62---00850.jpg,$90.59,False,False,False,False,False,False,False,False,False,False,False,True
Timber Creek Enforcer Ambidextrous Charging Handle - AMBI CH,https://palmettostatearmory.com/timber-creek-enforcer-ambidextrous-charging-handle-ambi-ch.html,https://palmettostatearmory.com/media/catalog/product/cache/152980d312fe5b5cdae0fdd9913a70b7/5/1/5165450065-timber-creek-enforcer-ambi-ch-black_1.jpg,$95.99,False,False,False,False,False,False,False,False,False,False,False,True
CMMG .22ARC .22 LR Charging Handle Assembly -22BA596,https://palmettostatearmory.com/cmmg-22arc-22-lr-charging-handle-assembly-22ba596.html,https://palmettostatearmory.com/media/catalog/product/cache/152980d312fe5b5cdae0fdd9913a70b7/C/M/CMMG-.22ARC-.22-LR-Charging-Handle-Assembly-22BA596.jpg,$14.99,False,False,False,False,False,False,False,False,False,False,False,True
PSA AR15 Gas Tube - Mid-Length,https://palmettostatearmory.com/ar-15-gas-tube-midlength.html,https://palmettostatearmory.com/media/catalog/product/cache/152980d312fe5b5cdae0fdd9913a70b7/p/h/photo_2_1.jpg,$12.99,False,False,False,False,False,False,False,False,True,False,False,False
PSA AR15 Gas Tube - Rifle - 1663,https://palmettostatearmory.com/ar-15-gas-tube-rifle.html,https://palmettostatearmory.com/media/catalog/product/cache/152980d312fe5b5cdae0fdd9913a70b7/1/6/1663_1.jpg,$12.99,False,False,False,False,False,False,False,False,True,False,False,False
PSA AR15 Gas Tube Roll Pin,https://palmettostatearmory.com/ar-15-gas-tube-roll-pin.html,https://palmettostatearmory.com/media/catalog/product/cache/152980d312fe5b5cdae0fdd9913a70b7/1/2/1201.jpg,$0.99,False,False,False,False,False,False,False,False,True,False,False,False
PSA AR15 Gas Tube - Pistol - 1671,https://palmettostatearmory.com/ar-15-gas-tube-pistol.html,https://palmettostatearmory.com/media/catalog/product/cache/152980d312fe5b5cdae0fdd9913a70b7/1/6/1671_psa_ar15_gas_tube_-_pistol_-_1671_1.jpg,$11.99,False,False,False,False,False,False,False,False,True,False,False,False
PSA Custom .750 Diameter Adjustable Gas Block - 116001,https://palmettostatearmory.com/psa-custom-750-diameter-adjustable-gas-block-116001.html,https://palmettostatearmory.com/media/catalog/product/cache/152980d312fe5b5cdae0fdd9913a70b7/7/8/781102-750-adjustable-gas-block.png,$39.95,False,False,False,False,False,False,False,False,False,True,False,False
PSA Custom .750 Click Switch Adjustable Gas Block,https://palmettostatearmory.com/psa-custom-750-diameter-click-adjustable-gas-block-7811021.html,https://palmettostatearmory.com/media/catalog/product/cache/152980d312fe5b5cdae0fdd9913a70b7/p/s/psa_2175_2_1.jpg,$49.95,False,False,False,False,False,False,False,False,False,True,False,False
PSA Low Profile Gas Block .750 Diameter - 516444617,https://palmettostatearmory.com/psa-low-profile-gas-block-750-diameter-516444617.html,https://palmettostatearmory.com/media/catalog/product/cache/152980d312fe5b5cdae0fdd9913a70b7/g/a/gas_block_.750.jpg,$19.99,False,False,False,False,False,False,False,False,False,True,False,False
PSA Custom .750 Skeletonized Standard Gas Block - 116039,https://palmettostatearmory.com/psa-custom-750-standardized-standard-gas-block-116039.html,https://palmettostatearmory.com/media/catalog/product/cache/152980d312fe5b5cdae0fdd9913a70b7/1/1/116039-psa-custom-750-skeletonized-standard-gas-block-116039_01.jpg,$34.95,False,False,False,False,False,False,False,False,False,True,False,False
PSA Custom .625 Adjustable Gas Block - 116035,https://palmettostatearmory.com/psa-custom-625-adjustable-gas-block-116035.html,https://palmettostatearmory.com/media/catalog/product/cache/152980d312fe5b5cdae0fdd9913a70b7/1/1/116035-psa-custom-625-ajustable-gas-block.jpg,$39.95,False,False,False,False,False,False,False,False,False,True,False,False
PSA Custom .875 Adjustable Gas Block - 116036,https://palmettostatearmory.com/psa-custom-875-adjustable-gas-block-116036.html,https://palmettostatearmory.com/media/catalog/product/cache/152980d312fe5b5cdae0fdd9913a70b7/1/1/116036-psa-custom-875-adjustable-gas-block-116036.jpg,$39.95,False,False,False,False,False,False,False,False,False,True,False,False
PSA Custom .936 Skeletonized Standard Gas Block,https://palmettostatearmory.com/psa-custom-936-skeletonized-standard-gas-block.html,https://palmettostatearmory.com/media/catalog/product/cache/152980d312fe5b5cdae0fdd9913a70b7/p/s/psa_3085.jpg,$34.95,False,False,False,False,False,False,False,False,False,True,False,False
"Palmetto State Armory Low Profile Gas Block 0.625"" - 516444612",https://palmettostatearmory.com/palmetto-state-armory-low-profile-gas-block-0-625-516444612.html,https://palmettostatearmory.com/media/catalog/product/cache/152980d312fe5b5cdae0fdd9913a70b7/5/1/516444612.jpg,$18.99,False,False,False,False,False,False,False,False,False,True,False,False
"CMMG Low Profile .750"" Gas Block Assembly - 55DA38D",https://palmettostatearmory.com/cmmg-low-profile-750-gas-block-assembly-55da38d.html,https://palmettostatearmory.com/media/catalog/product/cache/152980d312fe5b5cdae0fdd9913a70b7/5/1/5165451405-CMMG-Low-Profile-Gas-Block-.750-55DA38D.jpg,$35.39,False,False,False,False,False,False,False,False,False,True,False,False
Midwest Industries Micro Gas Block .750 MI-MGB750,https://palmettostatearmory.com/midwest-industries-micro-750-gas-blocks-mi-mgb-750.html,https://palmettostatearmory.com/media/catalog/product/cache/152980d312fe5b5cdae0fdd9913a70b7/2/5/2567.jpg,$39.95,False,False,False,False,False,False,False,False,False,True,False,False
Yankee Hill Machine Low Profile Gas Block (Pinch Screw) YHM-9384,https://palmettostatearmory.com/yhm-low-profile-clamp-on-gas-block-yhm-9384.html,https://palmettostatearmory.com/media/catalog/product/cache/152980d312fe5b5cdae0fdd9913a70b7/y/h/yhm-9384_1.jpg,$18.20,False,False,False,False,False,False,False,False,False,True,False,False
MIdwest Industries Low Profile Gas Block .750 MCTAR-LPG-750,https://palmettostatearmory.com/midwest-industries-low-profile-gas-block-750-mctar-lpg-750.html,https://palmettostatearmory.com/media/catalog/product/cache/152980d312fe5b5cdae0fdd9913a70b7/m/i/mi_gas_block.jpg,$41.95,False,False,False,False,False,False,False,False,False,True,False,False
"PSA Custom Cross-Cut Lightweight 9"" MLOK Partial Picatinny Handguard",https://palmettostatearmory.com/psa-custom-cross-cut-lightweight-9-mlok-partial-picatinny-handguard.html,https://palmettostatearmory.com/media/catalog/product/cache/152980d312fe5b5cdae0fdd9913a70b7/p/s/psa_2948.jpg,$84.95,False,False,False,False,False,False,False,True,False,False,False,False
"PSA Custom Cross-Cut Lightweight 15"" MLOK Partial Picatinny Handguard",https://palmettostatearmory.com/psa-custom-cross-cut-lightweight-15-mlok-partial-picatinny-handguard.html,https://palmettostatearmory.com/media/catalog/product/cache/152980d312fe5b5cdae0fdd9913a70b7/p/s/psa-custom-15in-cross-cut.jpg,$109.99,False,False,False,False,False,False,False,True,False,False,False,False
"PSA Custom Cross-Cut Lightweight 13.5"" MLOK Partial Picatinny Handguard",https://palmettostatearmory.com/psa-custom-cross-cut-lightweight-13-5-mlok-partial-picatinny-handguard.html,https://palmettostatearmory.com/media/catalog/product/cache/152980d312fe5b5cdae0fdd9913a70b7/p/s/psa-custom-13.5in-cross-cut.jpg,$99.99,False,False,False,False,False,False,False,True,False,False,False,False
"PSA Custom Cross-Cut Lightweight 7"" MLOK Partial Picatinny Handguard",https://palmettostatearmory.com/psa-custom-cross-cut-lightweight-7-mlok-partial-picatinny-handguard.html,https://palmettostatearmory.com/media/catalog/product/cache/152980d312fe5b5cdae0fdd9913a70b7/p/s/psa_2961.jpg,$84.95,False,False,False,False,False,False,False,True,False,False,False,False
PSA Custom 5-Slot M-LOK Rail Section,https://palmettostatearmory.com/psa-custom-5-slot-m-lok-rail-section.html,https://palmettostatearmory.com/media/catalog/product/cache/152980d312fe5b5cdae0fdd9913a70b7/5/1/516447240_2in_5_slot_mlok_rs.jpg,$14.95,False,False,False,False,False,False,False,True,False,False,False,False
"PSA Custom Cross-Cut Lightweight 12.5"" MLOK Partial Picatinny Handguard",https://palmettostatearmory.com/psa-custom-cross-cut-lightweight-12-5-mlok-partial-picatinny-handguard.html,https://palmettostatearmory.com/media/catalog/product/cache/152980d312fe5b5cdae0fdd9913a70b7/1/2/12.5.jpg,$104.95,False,False,False,False,False,False,False,True,False,False,False,False
"PSA Custom Cross-Cut Lightweight 18"" MLOK Partial Picatinny Handguard",https://palmettostatearmory.com/psa-custom-cross-cut-lightweight-18-mlok-partial-picatinny-handguard.html,https://palmettostatearmory.com/media/catalog/product/cache/152980d312fe5b5cdae0fdd9913a70b7/p/s/psa_2954.jpg,$139.99,False,False,False,False,False,False,False,True,False,False,False,False
PSA Custom 3-Slot M-LOK Rail Section,https://palmettostatearmory.com/psa-custom-3-slot-m-lok-rail-section.html,https://palmettostatearmory.com/media/catalog/product/cache/152980d312fe5b5cdae0fdd9913a70b7/5/1/516447239_3-slot_mlok_rs_2.jpg,$13.95,False,False,False,False,False,False,False,True,False,False,False,False
"Geissele 15"" Super Modular Rail MK8  M-LOK, Black ‒ 05-286B",https://palmettostatearmory.com/geissele-15-super-modular-rail-mk8-m-lok-black-05-285b.html,https://palmettostatearmory.com/media/catalog/product/cache/152980d312fe5b5cdae0fdd9913a70b7/g/e/geissele_smr_black.jpg,$399.99,False,False,False,False,False,False,False,True,False,False,False,False
"Geissele 9.5"" Super Modular Rail MK14 M-LOK",https://palmettostatearmory.com/geissele-9-5-super-modular-rail-mk14-m-lok.html,https://palmettostatearmory.com/media/catalog/product/cache/152980d312fe5b5cdae0fdd9913a70b7/m/k/mk14_9.5_black_2.jpg,$275.00,False,False,False,False,False,False,False,True,False,False,False,False
"Rise Armament 15"" Lightweight M-LOK Free Floating AR-15 Handguard - RA-905-150",https://palmettostatearmory.com/rise-armament-15-lightweight-m-lok-free-floating-ar-15-handguard-ra-905-150.html,https://palmettostatearmory.com/media/catalog/product/cache/152980d312fe5b5cdae0fdd9913a70b7/5/1/5165450131-RA-905-150.jpg,$199.99,False,False,False,False,False,False,False,True,False,False,False,False
"Rise Armament RA-905 7.5"" AR-15 Handguard M-Lok, Blk - RA-905-075-BLK",https://palmettostatearmory.com/black-friday-sales/build-kits-ar-parts/rise-armament-ra-905-13-5-ar-15-handguard-m-lok-blk-ra905135blk.html,https://palmettostatearmory.com/media/catalog/product/cache/152980d312fe5b5cdae0fdd9913a70b7/r/a/ra-905-handguard-black-1024x318-part-3.png,$169.99,False,False,False,False,False,False,False,True,False,False,False,False
"Lead Star Arms Ravage 11"" AR-15 M-Lok Handguard",https://palmettostatearmory.com/lead-star-arms-ravage-11-ar-15-m-lok-handguard.html,https://palmettostatearmory.com/media/catalog/product/cache/152980d312fe5b5cdae0fdd9913a70b7/l/s/lsa-ravage-11in-ar-15-handguard-black-lsa-l8bt800l.jpg,$195.58,False,False,False,False,False,False,False,True,False,False,False,False
"Lead Star Arms Grunt 17"" AR-15 Handguard",https://palmettostatearmory.com/lead-star-arms-grunt-17-ar-15-handguard.html,https://palmettostatearmory.com/media/catalog/product/cache/152980d312fe5b5cdae0fdd9913a70b7/l/s/lsa-gr17hdgd-lead-star-arms-17inch-grunt-handguard-black_1.jpg,$209.69,False,False,False,False,False,False,False,True,False,False,False,False
